,fx,fy,fz,x,y,z,x_shear,y_shear
0,4.991e-05,-0.00020129,0.00118571,0,0.0,0.0,,
1,-0.00146708,-0.00014958,-0.00068445,0,0.0,0.0,0.0,0.0
2,0.0006173,0.00660512,-0.10644903,0,0.0,1.7,0.0,0.0
3,0.00631839,0.10659915,-0.11553939,0,0.0,1.7,0.0,0.2
4,0.00628601,0.12499534,-0.14154323,0,0.0,1.7,0.0,0.5
5,0.00498666,0.14937731,-0.16454974,0,0.0,1.7,0.0,0.8
6,0.00422884,0.17098646,-0.18942885,0,0.0,1.7,0.0,1.1
7,0.10139416,0.00261259,-0.11380489,0,0.0,1.7,0.2,0.0
8,0.13192228,0.00078758,-0.14560551,0,0.0,1.7,0.5,0.0
9,0.16196532,-0.00273071,-0.18205854,0,0.0,1.7,0.8,0.0
10,0.1927354,0.00273993,-0.20893195,0,0.0,1.7,1.1,0.0
11,0.0113009,0.015984,-0.28040874,0,0.0,1.8,0.0,0.0
12,0.01765658,0.22232152,-0.30124745,0,0.0,1.8,0.0,0.2
13,0.02344546,0.32812905,-0.35380409,0,0.0,1.8,0.0,0.5
14,0.02242749,0.37108744,-0.39345591,0,0.0,1.8,0.0,0.8
15,0.02077718,0.4077775,-0.41377076,0,0.0,1.8,0.0,1.1
16,0.23593675,0.01856422,-0.29670247,0,0.0,1.8,0.2,0.0
17,0.33448592,0.01753509,-0.34307717,0,0.0,1.8,0.5,0.0
18,0.37558886,0.01441132,-0.38585375,0,0.0,1.8,0.8,0.0
19,0.42614995,0.01640699,-0.42630915,0,0.0,1.8,1.1,0.0
20,0.04077769,0.03532134,-0.54885185,0,0.0,1.9,0.0,0.0
21,0.05329374,0.31639517,-0.58328629,0,0.0,1.9,0.0,0.2
22,0.07096739,0.63914765,-0.67275719,0,0.0,1.9,0.0,0.5
23,0.06934276,0.74381319,-0.74764975,0,0.0,1.9,0.0,0.8
24,0.06186614,0.7709324,-0.79006143,0,0.0,1.9,0.0,1.1
25,0.3290342,0.05136795,-0.58160907,0,0.0,1.9,0.2,0.0
26,0.64315446,0.06638019,-0.65966748,0,0.0,1.9,0.5,0.0
27,0.74964006,0.05633563,-0.71889127,0,0.0,1.9,0.8,0.0
28,0.78820786,0.05201875,-0.77567348,0,0.0,1.9,1.1,0.0
29,0.07920574,0.07217706,-0.93540723,0,0.0,2.0,0.0,0.0
30,0.10223585,0.40080071,-0.98011324,0,0.0,2.0,0.0,0.2
31,0.13788194,0.8637559,-1.11401998,0,0.0,2.0,0.0,0.5
32,0.16458398,1.24370653,-1.26104599,0,0.0,2.0,0.0,0.8
33,0.16044776,1.40949768,-1.35251126,0,0.0,2.0,0.0,1.1
34,0.43012688,0.09868875,-0.98261865,0,0.0,2.0,0.2,0.0
35,0.8741069,0.12566847,-1.09758663,0,0.0,2.0,0.5,0.0
36,1.22144596,0.13954918,-1.20691104,0,0.0,2.0,0.8,0.0
37,1.3923585,0.14383515,-1.29754475,0,0.0,2.0,1.1,0.0
38,0.13879802,0.11815756,-1.42614714,0,0.0,2.1,0.0,0.0
39,0.1706669,0.48386281,-1.48303751,0,0.0,2.1,0.0,0.2
40,0.21793786,1.0509149,-1.6552757,0,0.0,2.1,0.0,0.5
41,0.26810297,1.56586603,-1.85397741,0,0.0,2.1,0.0,0.8
42,0.30890123,1.99141339,-2.02909447,0,0.0,2.1,0.0,1.1
43,0.52734009,0.15518435,-1.48852308,0,0.0,2.1,0.2,0.0
44,1.0642425,0.1996922,-1.64630521,0,0.0,2.1,0.5,0.0
45,1.52403215,0.23239881,-1.79838909,0,0.0,2.1,0.8,0.0
46,1.90341666,0.26275819,-1.93309705,0,0.0,2.1,1.1,0.0
47,0.2008649,0.1696219,-1.97910232,0,0.0,2.2,0.0,0.0
48,0.23501596,0.57793475,-2.02931107,0,0.0,2.2,0.0,0.2
49,0.30509586,1.19898416,-2.24392105,0,0.0,2.2,0.0,0.5
50,0.37728733,1.80464918,-2.48559475,0,0.0,2.2,0.0,0.8
51,0.43784515,2.32104037,-2.7069525,0,0.0,2.2,0.0,1.1
52,0.6285773,0.21622519,-2.04737245,0,0.0,2.2,0.2,0.0
53,1.22047146,0.27757739,-2.24633681,0,0.0,2.2,0.5,0.0
54,1.76802018,0.32743525,-2.4535085,0,0.0,2.2,0.8,0.0
55,2.25797222,0.37583549,-2.62713563,0,0.0,2.2,1.1,0.0
56,0.27141525,0.23021266,-2.58992581,0,0.0,2.3,0.0,0.0
57,0.31591889,0.6670716,-2.63582801,0,0.0,2.3,0.0,0.2
58,0.40301346,1.34698323,-2.88365952,0,0.0,2.3,0.0,0.5
59,0.49273561,2.00714824,-3.1728174,0,0.0,2.3,0.0,0.8
60,0.55611242,2.60671795,-3.45410376,0,0.0,2.3,0.0,1.1
61,0.73598351,0.29345069,-2.66096615,0,0.0,2.3,0.2,0.0
62,1.39289311,0.35903539,-2.88847355,0,0.0,2.3,0.5,0.0
63,1.9991851,0.42816594,-3.14338341,0,0.0,2.3,0.8,0.0
64,2.55718738,0.4872625,-3.35917959,0,0.0,2.3,1.1,0.0
65,0.35278398,0.30414583,-3.25360092,0,0.0,2.4,0.0,0.0
66,0.41112646,0.75882924,-3.30527039,0,0.0,2.4,0.0,0.2
67,0.51022023,1.48645047,-3.57335323,0,0.0,2.4,0.0,0.5
68,0.60444351,2.21085982,-3.9299843,0,0.0,2.4,0.0,0.8
69,0.67083305,2.88910001,-4.2573664,0,0.0,2.4,0.0,1.1
70,0.84432725,0.36790649,-3.31446465,0,0.0,2.4,0.2,0.0
71,1.54146698,0.44991135,-3.55973612,0,0.0,2.4,0.5,0.0
72,2.20254266,0.52352369,-3.85373791,0,0.0,2.4,0.8,0.0
73,2.83270524,0.59672129,-4.13657095,0,0.0,2.4,1.1,0.0
74,0.44690629,0.38515956,-4.00682743,0,0.0,2.5,0.0,0.0
75,0.51353266,0.86210561,-4.06946425,0,0.0,2.5,0.0,0.2
76,0.63014947,1.6384055,-4.38458747,0,0.0,2.5,0.0,0.5
77,0.71402475,2.44352317,-4.78482328,0,0.0,2.5,0.0,0.8
78,0.78363074,3.16342622,-5.14042998,0,0.0,2.5,0.0,1.1
79,0.9688154,0.4583755,-4.06927385,0,0.0,2.5,0.2,0.0
80,1.72033274,0.54633689,-4.35283231,0,0.0,2.5,0.5,0.0
81,2.43379782,0.63541873,-4.69606737,0,0.0,2.5,0.8,0.0
82,3.09276546,0.71503394,-5.00242687,0,0.0,2.5,1.1,0.0
83,0.01653107,-0.00164402,0.00084635,0,5.0,0.0,0.0,0.0
84,0.03901996,0.00387032,-0.3491343,0,5.0,1.7,0.0,0.0
85,0.04581534,0.25793194,-0.3495074,0,5.0,1.7,0.0,0.2
86,0.0411713,0.31911944,-0.3667732,0,5.0,1.7,0.0,0.5
87,0.03513239,0.32682209,-0.38680197,0,5.0,1.7,0.0,0.8
88,0.03629368,0.32664997,-0.38899606,0,5.0,1.7,0.0,1.1
89,0.31139237,0.01108521,-0.38842548,0,5.0,1.7,0.2,0.0
90,0.50200009,0.00782644,-0.47530969,0,5.0,1.7,0.5,0.0
91,0.58144026,0.00245391,-0.55831078,0,5.0,1.7,0.8,0.0
92,0.65410682,-0.00103559,-0.63520396,0,5.0,1.7,1.1,0.0
93,0.07243766,0.00549211,-0.64285457,0,5.0,1.8,0.0,0.0
94,0.08189132,0.34314412,-0.62706672,0,5.0,1.8,0.0,0.2
95,0.08220432,0.60215199,-0.64089011,0,5.0,1.8,0.0,0.5
96,0.06416887,0.59660664,-0.65556223,0,5.0,1.8,0.0,0.8
97,0.05812447,0.58716255,-0.67241174,0,5.0,1.8,0.0,1.1
98,0.41288913,0.01860121,-0.70523359,0,5.0,1.8,0.2,0.0
99,0.793448,0.03001362,-0.8189983,0,5.0,1.8,0.5,0.0
100,1.00253356,0.02858413,-0.93562253,0,5.0,1.8,0.8,0.0
101,1.07401842,0.02017503,-1.03611193,0,5.0,1.8,1.1,0.0
102,0.12843139,0.01931721,-1.11316876,0,5.0,1.9,0.0,0.0
103,0.14802258,0.43376776,-1.08632887,0,5.0,1.9,0.0,0.2
104,0.16005746,0.88455227,-1.09012335,0,5.0,1.9,0.0,0.5
105,0.15177946,1.06919439,-1.10368341,0,5.0,1.9,0.0,0.8
106,0.12307453,1.01841432,-1.11093292,0,5.0,1.9,0.0,1.1
107,0.5462668,0.04269721,-1.19792145,0,5.0,1.9,0.2,0.0
108,1.07938656,0.06461067,-1.3798615,0,5.0,1.9,0.5,0.0
109,1.49287729,0.07504464,-1.5297831,0,5.0,1.9,0.8,0.0
110,1.79028163,0.08969039,-1.6745405,0,5.0,1.9,1.1,0.0
111,0.2104577,0.04038105,-1.71101725,0,5.0,2.0,0.0,0.0
112,0.23852883,0.50369245,-1.68363724,0,5.0,2.0,0.0,0.2
113,0.26485258,1.09113734,-1.69489007,0,5.0,2.0,0.0,0.5
114,0.28025434,1.51065194,-1.70799579,0,5.0,2.0,0.0,0.8
115,0.26848862,1.65477675,-1.71471248,0,5.0,2.0,0.0,1.1
116,0.67631286,0.0734511,-1.81816189,0,5.0,2.0,0.2,0.0
117,1.30809634,0.11766346,-2.06641719,0,5.0,2.0,0.5,0.0
118,1.88155266,0.14631951,-2.29403362,0,5.0,2.0,0.8,0.0
119,2.3386261,0.1638011,-2.45952078,0,5.0,2.0,1.1,0.0
120,0.31379194,0.06634674,-2.42552715,0,5.0,2.1,0.0,0.0
121,0.3466673,0.58178073,-2.38350297,0,5.0,2.1,0.0,0.2
122,0.39684594,1.26175822,-2.41092637,0,5.0,2.1,0.0,0.5
123,0.42311514,1.79423901,-2.45094985,0,5.0,2.1,0.0,0.8
124,0.4225581,2.20731803,-2.52784169,0,5.0,2.1,0.0,1.1
125,0.82195948,0.11212457,-2.54605248,0,5.0,2.1,0.2,0.0
126,1.53385991,0.1656086,-2.8571682,0,5.0,2.1,0.5,0.0
127,2.19480634,0.20200954,-3.17263465,0,5.0,2.1,0.8,0.0
128,2.81038486,0.24456714,-3.43939207,0,5.0,2.1,1.1,0.0
129,0.42935746,0.09406017,-3.23603971,0,5.0,2.2,0.0,0.0
130,0.47977882,0.64697896,-3.1857907,0,5.0,2.2,0.0,0.2
131,0.54125885,1.42298692,-3.2387091,0,5.0,2.2,0.0,0.5
132,0.56471588,2.09874811,-3.38072704,0,5.0,2.2,0.0,0.8
133,0.56508526,2.62621314,-3.50072904,0,5.0,2.2,0.0,1.1
134,0.97584691,0.15495187,-3.3725334,0,5.0,2.2,0.2,0.0
135,1.74983034,0.21996524,-3.71153252,0,5.0,2.2,0.5,0.0
136,2.49567089,0.27324498,-4.10621415,0,5.0,2.2,0.8,0.0
137,3.19543816,0.32806497,-4.4701216,0,5.0,2.2,1.1,0.0
138,0.54571959,0.13017053,-4.14777335,0,5.0,2.3,0.0,0.0
139,0.60274962,0.71769831,-4.07378791,0,5.0,2.3,0.0,0.2
140,0.65020476,1.58586415,-4.17297745,0,5.0,2.3,0.0,0.5
141,0.67762164,2.3710461,-4.33890283,0,5.0,2.3,0.0,0.8
142,0.69504086,3.00093212,-4.49580722,0,5.0,2.3,0.0,1.1
143,1.14324581,0.19512846,-4.26755863,0,5.0,2.3,0.2,0.0
144,1.97976126,0.26869354,-4.64266535,0,5.0,2.3,0.5,0.0
145,2.7756344,0.32854863,-5.07658683,0,5.0,2.3,0.8,0.0
146,3.53206402,0.39647112,-5.50494711,0,5.0,2.3,1.1,0.0
147,0.67526043,0.16118342,-5.09151845,0,5.0,2.4,0.0,0.0
148,0.72587623,0.79647419,-5.02631019,0,5.0,2.4,0.0,0.2
149,0.75956125,1.73983448,-5.15269435,0,5.0,2.4,0.0,0.5
150,0.79400017,2.590264,-5.33593199,0,5.0,2.4,0.0,0.8
151,0.82071147,3.30775652,-5.52246668,0,5.0,2.4,0.0,1.1
152,1.3119684,0.23252948,-5.22397765,0,5.0,2.4,0.2,0.0
153,2.20461429,0.31282315,-5.61775444,0,5.0,2.4,0.5,0.0
154,3.05187821,0.38561199,-6.06390425,0,5.0,2.4,0.8,0.0
155,3.83541639,0.45792301,-6.52927842,0,5.0,2.4,1.1,0.0
156,0.7928023,0.19642708,-6.11876322,0,5.0,2.5,0.0,0.0
157,0.82562779,0.89731067,-6.06965794,0,5.0,2.5,0.0,0.2
158,0.85776019,1.89085627,-6.18297821,0,5.0,2.5,0.0,0.5
159,0.89588141,2.79860307,-6.37249079,0,5.0,2.5,0.0,0.8
160,0.92754917,3.57285554,-6.5721419,0,5.0,2.5,0.0,1.1
161,1.46107678,0.27558939,-6.24034559,0,5.0,2.5,0.2,0.0
162,2.42052852,0.36322055,-6.62857615,0,5.0,2.5,0.5,0.0
163,3.31317114,0.43741007,-7.0984316,0,5.0,2.5,0.8,0.0
164,4.14725404,0.52513907,-7.58969495,0,5.0,2.5,1.1,0.0
165,0.02402386,-0.01085465,0.00058425,0,10.0,0.0,0.0,0.0
166,0.04705438,-0.00930988,-0.32133255,0,10.0,1.7,0.0,0.0
167,0.05211828,0.22724379,-0.3123107,0,10.0,1.7,0.0,0.2
168,0.03640293,0.22015851,-0.29222114,0,10.0,1.7,0.0,0.5
169,0.03172993,0.19299613,-0.26435207,0,10.0,1.7,0.0,0.8
170,0.02841752,0.18264547,-0.24167481,0,10.0,1.7,0.0,1.1
171,0.31927654,-0.00225473,-0.37781476,0,10.0,1.7,0.2,0.0
172,0.4787368,-0.00792966,-0.46318433,0,10.0,1.7,0.5,0.0
173,0.56392311,-0.01780383,-0.55536796,0,10.0,1.7,0.8,0.0
174,0.63828861,-0.02333613,-0.63711998,0,10.0,1.7,1.1,0.0
175,0.08243821,-0.01163719,-0.61651107,0,10.0,1.8,0.0,0.0
176,0.09237947,0.32146707,-0.59689763,0,10.0,1.8,0.0,0.2
177,0.07786536,0.46329507,-0.55796284,0,10.0,1.8,0.0,0.5
178,0.05371758,0.41249877,-0.51357853,0,10.0,1.8,0.0,0.8
179,0.04320578,0.38565679,-0.48633976,0,10.0,1.8,0.0,1.1
180,0.41236742,0.00164633,-0.68888372,0,10.0,1.8,0.2,0.0
181,0.80654807,0.00932055,-0.82108923,0,10.0,1.8,0.5,0.0
182,0.97635774,-0.00471914,-0.94502312,0,10.0,1.8,0.8,0.0
183,1.05996971,-0.01535014,-1.03891516,0,10.0,1.8,1.1,0.0
184,0.14436802,-0.0083155,-1.08415039,0,10.0,1.9,0.0,0.0
185,0.16323024,0.39451987,-1.03528565,0,10.0,1.9,0.0,0.2
186,0.17228446,0.80071819,-0.98629275,0,10.0,1.9,0.0,0.5
187,0.1363681,0.79088054,-0.93445641,0,10.0,1.9,0.0,0.8
188,0.09765042,0.72441404,-0.88667887,0,10.0,1.9,0.0,1.1
189,0.5433853,0.00350566,-1.18114874,0,10.0,1.9,0.2,0.0
190,1.07140301,0.01776798,-1.37970428,0,10.0,1.9,0.5,0.0
191,1.52437734,0.02073513,-1.56884524,0,10.0,1.9,0.8,0.0
192,1.81544801,0.03006171,-1.71981047,0,10.0,1.9,1.1,0.0
193,0.23327059,-0.01171852,-1.6736761,0,10.0,2.0,0.0,0.0
194,0.25915758,0.44951129,-1.60667387,0,10.0,2.0,0.0,0.2
195,0.27283172,1.00343268,-1.52970316,0,10.0,2.0,0.0,0.5
196,0.26911346,1.26370907,-1.4563418,0,10.0,2.0,0.0,0.8
197,0.20324918,1.19671393,-1.4133748,0,10.0,2.0,0.0,1.1
198,0.68873876,0.0036302,-1.79493884,0,10.0,2.0,0.2,0.0
199,1.30476604,0.03511066,-2.06372363,0,10.0,2.0,0.5,0.0
200,1.87432395,0.05326219,-2.33054773,0,10.0,2.0,0.8,0.0
201,2.38700786,0.06736808,-2.52868545,0,10.0,2.0,1.1,0.0
202,0.34139771,-0.01793947,-2.38602607,0,10.0,2.1,0.0,0.0
203,0.374981,0.50453846,-2.29654087,0,10.0,2.1,0.0,0.2
204,0.40643379,1.16214085,-2.20431671,0,10.0,2.1,0.0,0.5
205,0.39446319,1.60505508,-2.15745024,0,10.0,2.1,0.0,0.8
206,0.35692259,1.83888202,-2.15561447,0,10.0,2.1,0.0,1.1
207,0.85957587,0.01356469,-2.5270576,0,10.0,2.1,0.2,0.0
208,1.56115057,0.05715619,-2.86455761,0,10.0,2.1,0.5,0.0
209,2.20626533,0.08243921,-3.20811837,0,10.0,2.1,0.8,0.0
210,2.80385103,0.11272281,-3.4731641,0,10.0,2.1,1.1,0.0
211,0.46774312,-0.01751199,-3.20861207,0,10.0,2.2,0.0,0.0
212,0.51407744,0.54288534,-3.10741435,0,10.0,2.2,0.0,0.2
213,0.53407008,1.33681919,-3.07337381,0,10.0,2.2,0.0,0.5
214,0.52148516,1.88655562,-3.03400663,0,10.0,2.2,0.0,0.8
215,0.49570361,2.30105059,-3.04269836,0,10.0,2.2,0.0,1.1
216,1.02248486,0.02492867,-3.35940971,0,10.0,2.2,0.2,0.0
217,1.7901413,0.07660134,-3.71440855,0,10.0,2.2,0.5,0.0
218,2.50692161,0.12854627,-4.10235519,0,10.0,2.2,0.8,0.0
219,3.18235946,0.15634408,-4.48509154,0,10.0,2.2,1.1,0.0
220,0.58218986,-0.02389475,-4.07072975,0,10.0,2.3,0.0,0.0
221,0.61207067,0.59876849,-4.01011163,0,10.0,2.3,0.0,0.2
222,0.63464538,1.49689383,-4.01225573,0,10.0,2.3,0.0,0.5
223,0.62766668,2.12918949,-3.99617712,0,10.0,2.3,0.0,0.8
224,0.60562522,2.66452127,-3.97911995,0,10.0,2.3,0.0,1.1
225,1.18022521,0.02567754,-4.2175831,0,10.0,2.3,0.2,0.0
226,2.01474461,0.09514451,-4.6133456,0,10.0,2.3,0.5,0.0
227,2.81844388,0.13284015,-5.08411038,0,10.0,2.3,0.8,0.0
228,3.55274192,0.17124203,-5.55525314,0,10.0,2.3,1.1,0.0
229,0.69203514,-0.01597741,-5.0580014,0,10.0,2.4,0.0,0.0
230,0.71055747,0.66631605,-4.99813563,0,10.0,2.4,0.0,0.2
231,0.73379954,1.63249219,-5.02306193,0,10.0,2.4,0.0,0.5
232,0.73862628,2.34881954,-4.99453092,0,10.0,2.4,0.0,0.8
233,0.72197696,2.93197949,-4.99796283,0,10.0,2.4,0.0,1.1
234,1.33005538,0.03548028,-5.19214858,0,10.0,2.4,0.2,0.0
235,2.2441114,0.08402807,-5.59852427,0,10.0,2.4,0.5,0.0
236,3.1044348,0.13687414,-6.12033193,0,10.0,2.4,0.8,0.0
237,3.88981104,0.18506451,-6.6160409,0,10.0,2.4,1.1,0.0
238,0.79399474,0.00115535,-6.15378108,0,10.0,2.5,0.0,0.0
239,0.81099471,0.73838654,-6.09443838,0,10.0,2.5,0.0,0.2
240,0.83249114,1.76091331,-6.09342664,0,10.0,2.5,0.0,0.5
241,0.84728446,2.53674492,-6.0682251,0,10.0,2.5,0.0,0.8
242,0.83748894,3.18879451,-6.08152615,0,10.0,2.5,0.0,1.1
243,1.47825838,0.05828791,-6.31185286,0,10.0,2.5,0.2,0.0
244,2.47295409,0.08861519,-6.69687785,0,10.0,2.5,0.5,0.0
245,3.39464208,0.14673819,-7.19562015,0,10.0,2.5,0.8,0.0
246,4.24717612,0.19659226,-7.75932895,0,10.0,2.5,1.1,0.0
247,0.00684711,-0.00496297,0.00631274,0,15.0,0.0,0.0,0.0
248,0.00452963,-0.00523859,-0.01966314,0,15.0,1.7,0.0,0.0
249,0.00511622,0.00524511,-0.00944168,0,15.0,1.7,0.0,0.2
250,0.00511328,-0.00027909,-0.00223832,0,15.0,1.7,0.0,0.5
251,0.00542016,-0.00432575,0.0031645,0,15.0,1.7,0.0,0.8
252,0.00538881,-0.00471045,0.00593964,0,15.0,1.7,0.0,1.1
253,0.03550101,-0.00873204,-0.04360831,0,15.0,1.7,0.2,0.0
254,0.05730312,-0.00981249,-0.06936638,0,15.0,1.7,0.5,0.0
255,0.08195381,-0.01225281,-0.10118503,0,15.0,1.7,0.8,0.0
256,0.10835956,-0.01609346,-0.13476972,0,15.0,1.7,1.1,0.0
257,0.01593776,-0.00929144,-0.1882446,0,15.0,1.8,0.0,0.0
258,0.01110156,0.09446239,-0.16436402,0,15.0,1.8,0.0,0.2
259,0.00639802,0.07875047,-0.13961988,0,15.0,1.8,0.0,0.5
260,0.00421923,0.0628598,-0.11369506,0,15.0,1.8,0.0,0.8
261,0.00351394,0.04769119,-0.08961711,0,15.0,1.8,0.0,1.1
262,0.16781458,-0.01081981,-0.22232453,0,15.0,1.8,0.2,0.0
263,0.22409538,-0.02821541,-0.28957014,0,15.0,1.8,0.5,0.0
264,0.27977699,-0.02653531,-0.35123431,0,15.0,1.8,0.8,0.0
265,0.33151476,-0.03175781,-0.41084012,0,15.0,1.8,1.1,0.0
266,0.04564376,-0.01545782,-0.46187686,0,15.0,1.9,0.0,0.0
267,0.04821594,0.23875819,-0.40135642,0,15.0,1.9,0.0,0.2
268,0.0172304,0.22169104,-0.35697918,0,15.0,1.9,0.0,0.5
269,0.00772986,0.18900069,-0.31499595,0,15.0,1.9,0.0,0.8
270,0.00448671,0.15956691,-0.27694895,0,15.0,1.9,0.0,1.1
271,0.34172452,-0.00842589,-0.50072545,0,15.0,1.9,0.2,0.0
272,0.49066981,-0.02575348,-0.59334419,0,15.0,1.9,0.5,0.0
273,0.57490971,-0.04247276,-0.69215083,0,15.0,1.9,0.8,0.0
274,0.63680298,-0.04954437,-0.77657155,0,15.0,1.9,1.1,0.0
275,0.10907442,-0.03231963,-0.87609623,0,15.0,2.0,0.0,0.0
276,0.11865886,0.32305664,-0.80101408,0,15.0,2.0,0.0,0.2
277,0.08264768,0.47249133,-0.71518776,0,15.0,2.0,0.0,0.5
278,0.04170324,0.41121525,-0.64616096,0,15.0,2.0,0.0,0.8
279,0.02422042,0.36325278,-0.59269473,0,15.0,2.0,0.0,1.1
280,0.49244911,-0.02818787,-0.96198252,0,15.0,2.0,0.2,0.0
281,0.91842516,-0.02567057,-1.12530578,0,15.0,2.0,0.5,0.0
282,1.08117131,-0.04754181,-1.25901165,0,15.0,2.0,0.8,0.0
283,1.16569221,-0.06988599,-1.3694814,0,15.0,2.0,1.1,0.0
284,0.20457874,-0.06227806,-1.44077619,0,15.0,2.1,0.0,0.0
285,0.22116944,0.35492002,-1.32258925,0,15.0,2.1,0.0,0.2
286,0.21292219,0.76901347,-1.20042447,0,15.0,2.1,0.0,0.5
287,0.14010321,0.73530957,-1.09009545,0,15.0,2.1,0.0,0.8
288,0.0847189,0.6552466,-1.00064495,0,15.0,2.1,0.0,1.1
289,0.64607902,-0.06295323,-1.56839669,0,15.0,2.1,0.2,0.0
290,1.21406914,-0.05174162,-1.8190694,0,15.0,2.1,0.5,0.0
291,1.67540858,-0.04443391,-2.02644371,0,15.0,2.1,0.8,0.0
292,1.95581773,-0.04842846,-2.20279564,0,15.0,2.1,1.1,0.0
293,0.31358107,-0.10275677,-2.1064109,0,15.0,2.2,0.0,0.0
294,0.33741921,0.35381596,-1.96005311,0,15.0,2.2,0.0,0.2
295,0.33801162,0.92486139,-1.80206343,0,15.0,2.2,0.0,0.5
296,0.28247629,1.19437876,-1.69615021,0,15.0,2.2,0.0,0.8
297,0.17607147,1.08407382,-1.57113401,0,15.0,2.2,0.0,1.1
298,0.80591316,-0.09497429,-2.24278872,0,15.0,2.2,0.2,0.0
299,1.45721552,-0.06758785,-2.56699622,0,15.0,2.2,0.5,0.0
300,2.04419294,-0.05778851,-2.8713783,0,15.0,2.2,0.8,0.0
301,2.55825072,-0.05267661,-3.10091342,0,15.0,2.2,1.1,0.0
302,0.42668311,-0.14194367,-2.79115696,0,15.0,2.3,0.0,0.0
303,0.44489306,0.35785219,-2.62148014,0,15.0,2.3,0.0,0.2
304,0.42881863,1.02604671,-2.49543645,0,15.0,2.3,0.0,0.5
305,0.39295158,1.48592342,-2.39104259,0,15.0,2.3,0.0,0.8
306,0.31399961,1.63099399,-2.24623299,0,15.0,2.3,0.0,1.1
307,0.96162628,-0.11981269,-2.94263058,0,15.0,2.3,0.2,0.0
308,1.68487965,-0.08744409,-3.31119185,0,15.0,2.3,0.5,0.0
309,2.36250584,-0.08265247,-3.72483544,0,15.0,2.3,0.8,0.0
310,2.97108404,-0.07469308,-4.04840241,0,15.0,2.3,1.1,0.0
311,0.53765658,-0.15951231,-3.6098405,0,15.0,2.4,0.0,0.0
312,0.54112354,0.38298996,-3.47059337,0,15.0,2.4,0.0,0.2
313,0.51995178,1.12030027,-3.33696688,0,15.0,2.4,0.0,0.5
314,0.48606421,1.66026266,-3.18884331,0,15.0,2.4,0.0,0.8
315,0.43317034,2.02073509,-3.01473914,0,15.0,2.4,0.0,1.1
316,1.12570924,-0.14668966,-3.72134119,0,15.0,2.4,0.2,0.0
317,1.91213526,-0.116136,-4.11704367,0,15.0,2.4,0.5,0.0
318,2.65180221,-0.10246789,-4.56844847,0,15.0,2.4,0.8,0.0
319,3.33173596,-0.09839264,-5.01245285,0,15.0,2.4,1.1,0.0
320,0.62680809,-0.18305332,-4.58077884,0,15.0,2.5,0.0,0.0
321,0.62776848,0.4104049,-4.42813728,0,15.0,2.5,0.0,0.2
322,0.61500726,1.19893332,-4.28401775,0,15.0,2.5,0.0,0.5
323,0.58075718,1.80375604,-4.12310959,0,15.0,2.5,0.0,0.8
324,0.54010706,2.28582019,-3.92457495,0,15.0,2.5,0.0,1.1
325,1.26250291,-0.16939152,-4.71409781,0,15.0,2.5,0.2,0.0
326,2.15103231,-0.15494422,-5.04475112,0,15.0,2.5,0.5,0.0
327,2.9370331,-0.12850393,-5.46694903,0,15.0,2.5,0.8,0.0
328,3.64772506,-0.11262113,-5.92342611,0,15.0,2.5,1.1,0.0
329,0.00167045,-0.00650357,0.00588527,5,0.0,0.0,0.0,0.0
330,0.03023017,0.04583759,-0.63126564,5,0.0,1.7,0.0,0.0
331,0.04020553,0.33159759,-0.67821896,5,0.0,1.7,0.0,0.2
332,0.06001212,0.69014719,-0.7877524,5,0.0,1.7,0.0,0.5
333,0.06689446,0.88765825,-0.90390907,5,0.0,1.7,0.0,0.8
334,0.0504635,0.95172507,-0.97162985,5,0.0,1.7,0.0,1.1
335,0.33499661,0.05949415,-0.64068585,5,0.0,1.7,0.2,0.0
336,0.64096985,0.06587081,-0.70333412,5,0.0,1.7,0.5,0.0
337,0.68878014,0.04631635,-0.74184007,5,0.0,1.7,0.8,0.0
338,0.70184138,0.03553471,-0.77636768,5,0.0,1.7,1.1,0.0
339,0.05987106,0.07848115,-0.94931137,5,0.0,1.8,0.0,0.0
340,0.08095966,0.39439608,-1.00371175,5,0.0,1.8,0.0,0.2
341,0.11759546,0.85643249,-1.14826883,5,0.0,1.8,0.0,0.5
342,0.1492356,1.25701308,-1.32615705,5,0.0,1.8,0.0,0.8
343,0.16092586,1.51500459,-1.47238291,5,0.0,1.8,0.0,1.1
344,0.39100806,0.09273194,-0.96292463,5,0.0,1.8,0.2,0.0
345,0.82679066,0.10175561,-1.04126089,5,0.0,1.8,0.5,0.0
346,1.06505442,0.10002767,-1.10524787,5,0.0,1.8,0.8,0.0
347,1.07561307,0.07956685,-1.14801307,5,0.0,1.8,1.1,0.0
348,0.10046637,0.12134074,-1.43111206,5,0.0,1.9,0.0,0.0
349,0.12657081,0.4832899,-1.49555551,5,0.0,1.9,0.0,0.2
350,0.17431375,1.03987896,-1.68573495,5,0.0,1.9,0.0,0.5
351,0.23057387,1.55137514,-1.91314615,5,0.0,1.9,0.0,0.8
352,0.28523338,1.98071166,-2.12913707,5,0.0,1.9,0.0,1.1
353,0.47456707,0.14649938,-1.45053027,5,0.0,1.9,0.2,0.0
354,0.99923825,0.17132735,-1.54769355,5,0.0,1.9,0.5,0.0
355,1.39538982,0.17994607,-1.61846899,5,0.0,1.9,0.8,0.0
356,1.64603726,0.17803154,-1.70076815,5,0.0,1.9,1.1,0.0
357,0.14815956,0.18292601,-2.00918493,5,0.0,2.0,0.0,0.0
358,0.18007078,0.58622602,-2.08406346,5,0.0,2.0,0.0,0.2
359,0.24597888,1.20938419,-2.31706287,5,0.0,2.0,0.0,0.5
360,0.32213346,1.81928684,-2.60092823,5,0.0,2.0,0.0,0.8
361,0.36939908,2.35778442,-2.8930503,5,0.0,2.0,0.0,1.1
362,0.56062555,0.21207548,-2.03433405,5,0.0,2.0,0.2,0.0
363,1.15238584,0.2502977,-2.16170008,5,0.0,2.0,0.5,0.0
364,1.64351202,0.26799554,-2.26459205,5,0.0,2.0,0.8,0.0
365,2.09306122,0.27716302,-2.3473617,5,0.0,2.0,1.1,0.0
366,0.20237205,0.27047131,-2.71949503,5,0.0,2.1,0.0,0.0
367,0.2430273,0.71272099,-2.81608171,5,0.0,2.1,0.0,0.2
368,0.32703546,1.40089343,-3.0853282,5,0.0,2.1,0.0,0.5
369,0.42402118,2.08667924,-3.43973255,5,0.0,2.1,0.0,0.8
370,0.44720082,2.71975999,-3.77010264,5,0.0,2.1,0.0,1.1
371,0.65981537,0.29621134,-2.7383512,5,0.0,2.1,0.2,0.0
372,1.32558842,0.34398939,-2.91147535,5,0.0,2.1,0.5,0.0
373,1.89011782,0.37954824,-3.03616119,5,0.0,2.1,0.8,0.0
374,2.44436687,0.38892601,-3.14431072,5,0.0,2.1,1.1,0.0
375,0.26761362,0.35657958,-3.54011611,5,0.0,2.2,0.0,0.0
376,0.31864804,0.82970722,-3.62454725,5,0.0,2.2,0.0,0.2
377,0.41630622,1.58498569,-3.95747885,5,0.0,2.2,0.0,0.5
378,0.49569526,2.35825319,-4.35562239,5,0.0,2.2,0.0,0.8
379,0.52178976,3.07878524,-4.76640815,5,0.0,2.2,0.0,1.1
380,0.76449736,0.39397824,-3.54234799,5,0.0,2.2,0.2,0.0
381,1.49262868,0.45532828,-3.7365862,5,0.0,2.2,0.5,0.0
382,2.13032521,0.4973314,-3.91645225,5,0.0,2.2,0.8,0.0
383,2.76278081,0.51708634,-4.0570837,5,0.0,2.2,1.1,0.0
384,0.33750786,0.45941679,-4.4199552,5,0.0,2.3,0.0,0.0
385,0.39568278,0.96300756,-4.52698312,5,0.0,2.3,0.0,0.2
386,0.50701876,1.77692379,-4.89703171,5,0.0,2.3,0.0,0.5
387,0.56686394,2.63456478,-5.37987722,5,0.0,2.3,0.0,0.8
388,0.59255624,3.42519912,-5.82665563,5,0.0,2.3,0.0,1.1
389,0.86444146,0.50435145,-4.42830733,5,0.0,2.3,0.2,0.0
390,1.64845586,0.57185505,-4.63955555,5,0.0,2.3,0.5,0.0
391,2.33051434,0.62235574,-4.86516109,5,0.0,2.3,0.8,0.0
392,3.02556648,0.65157444,-5.03420843,5,0.0,2.3,1.1,0.0
393,0.40694449,0.56695439,-5.35885125,5,0.0,2.4,0.0,0.0
394,0.47494456,1.10215439,-5.47798302,5,0.0,2.4,0.0,0.2
395,0.57464081,1.96964987,-5.88797549,5,0.0,2.4,0.0,0.5
396,0.63666353,2.90325494,-6.43403467,5,0.0,2.4,0.0,0.8
397,0.65890649,3.7386529,-6.8942943,5,0.0,2.4,0.0,1.1
398,0.96360586,0.61927191,-5.34811242,5,0.0,2.4,0.2,0.0
399,1.80193059,0.68905229,-5.58938932,5,0.0,2.4,0.5,0.0
400,2.51988045,0.75375671,-5.80103315,5,0.0,2.4,0.8,0.0
401,3.25018031,0.79980341,-6.01308767,5,0.0,2.4,1.1,0.0
402,0.48520765,0.68219019,-6.33582537,5,0.0,2.5,0.0,0.0
403,0.55498266,1.24141435,-6.45198103,5,0.0,2.5,0.0,0.2
404,0.63766274,2.16918834,-6.91393469,5,0.0,2.5,0.0,0.5
405,0.69774896,3.15832993,-7.47940681,5,0.0,2.5,0.0,0.8
406,0.72200516,4.05266266,-7.99006531,5,0.0,2.5,0.0,1.1
407,1.06644355,0.74129913,-6.30374972,5,0.0,2.5,0.2,0.0
408,1.94487611,0.82049688,-6.53213979,5,0.0,2.5,0.5,0.0
409,2.6919681,0.88788066,-6.76789879,5,0.0,2.5,0.8,0.0
410,3.44859194,0.94568674,-7.02645539,5,0.0,2.5,1.1,0.0
411,0.00484706,-0.00478281,-0.00188102,5,5.0,0.0,0.0,0.0
412,0.09097226,0.02687568,-1.25629705,5,5.0,1.7,0.0,0.0
413,0.10903264,0.43823525,-1.23359204,5,5.0,1.7,0.0,0.2
414,0.1211038,0.88853552,-1.24320129,5,5.0,1.7,0.0,0.5
415,0.11574022,1.146027,-1.26493162,5,5.0,1.7,0.0,0.8
416,0.09084533,1.17734035,-1.2724864,5,5.0,1.7,0.0,1.1
417,0.49333291,0.04770004,-1.30250595,5,5.0,1.7,0.2,0.0
418,1.01861361,0.05776062,-1.41335988,5,5.0,1.7,0.5,0.0
419,1.33399658,0.04710705,-1.49593463,5,5.0,1.7,0.8,0.0
420,1.45385433,0.03785522,-1.5570718,5,5.0,1.7,1.1,0.0
421,0.15068797,0.04351443,-1.83928623,5,5.0,1.8,0.0,0.0
422,0.17899222,0.50665219,-1.81934727,5,5.0,1.8,0.0,0.2
423,0.20790322,1.10055491,-1.84760287,5,5.0,1.8,0.0,0.5
424,0.23408953,1.52609545,-1.87179069,5,5.0,1.8,0.0,0.8
425,0.22930717,1.78623394,-1.93831835,5,5.0,1.8,0.0,1.1
426,0.60427606,0.06836729,-1.9028528,5,5.0,1.8,0.2,0.0
427,1.23337634,0.09895823,-2.05589703,5,5.0,1.8,0.5,0.0
428,1.72470484,0.10201167,-2.16217409,5,5.0,1.8,0.8,0.0
429,2.06821086,0.09271423,-2.25518992,5,5.0,1.8,1.1,0.0
430,0.22889924,0.06387261,-2.58056007,5,5.0,1.9,0.0,0.0
431,0.26244096,0.57912906,-2.55031087,5,5.0,1.9,0.0,0.2
432,0.31795941,1.2694573,-2.60038255,5,5.0,1.9,0.0,0.5
433,0.35299162,1.84786153,-2.68674507,5,5.0,1.9,0.0,0.8
434,0.33835271,2.31782003,-2.79728252,5,5.0,1.9,0.0,1.1
435,0.71142463,0.10283138,-2.64777932,5,5.0,1.9,0.2,0.0
436,1.43000305,0.14273392,-2.87559875,5,5.0,1.9,0.5,0.0
437,2.04509412,0.16343767,-3.02358353,5,5.0,1.9,0.8,0.0
438,2.60402737,0.14914145,-3.12550531,5,5.0,1.9,1.1,0.0
439,0.30865636,0.10295661,-3.49177314,5,5.0,2.0,0.0,0.0
440,0.35838596,0.67257436,-3.44989521,5,5.0,2.0,0.0,0.2
441,0.4288825,1.44027462,-3.52288925,5,5.0,2.0,0.0,0.5
442,0.4424985,2.15488147,-3.70547208,5,5.0,2.0,0.0,0.8
443,0.42418534,2.75151014,-3.85702905,5,5.0,2.0,0.0,1.1
444,0.84260287,0.14430581,-3.54752583,5,5.0,2.0,0.2,0.0
445,1.62280386,0.19152505,-3.79505176,5,5.0,2.0,0.5,0.0
446,2.31882234,0.22658184,-4.03460531,5,5.0,2.0,0.8,0.0
447,3.01717968,0.22912018,-4.1816731,5,5.0,2.0,1.1,0.0
448,0.40762141,0.15532159,-4.5825321,5,5.0,2.1,0.0,0.0
449,0.47222466,0.76670786,-4.53067035,5,5.0,2.1,0.0,0.2
450,0.52347676,1.65580161,-4.63608235,5,5.0,2.1,0.0,0.5
451,0.52150733,2.46043369,-4.84986835,5,5.0,2.1,0.0,0.8
452,0.51437876,3.15323706,-5.07223248,5,5.0,2.1,0.0,1.1
453,0.99171137,0.20901744,-4.63471097,5,5.0,2.1,0.2,0.0
454,1.84847756,0.25857539,-4.91711422,5,5.0,2.1,0.5,0.0
455,2.58341348,0.29663805,-5.22076257,5,5.0,2.1,0.8,0.0
456,3.37314884,0.31992989,-5.45058299,5,5.0,2.1,1.1,0.0
457,0.50808309,0.20461451,-5.79638461,5,5.0,2.2,0.0,0.0
458,0.57132093,0.86711614,-5.7346811,5,5.0,2.2,0.0,0.2
459,0.59312642,1.86600454,-5.88565145,5,5.0,2.2,0.0,0.5
460,0.59175022,2.76326711,-6.11435927,5,5.0,2.2,0.0,0.8
461,0.57123926,3.49500667,-6.31299095,5,5.0,2.2,0.0,1.1
462,1.14987346,0.26309617,-5.83007737,5,5.0,2.2,0.2,0.0
463,2.08126131,0.31798578,-6.11756595,5,5.0,2.2,0.5,0.0
464,2.86067149,0.36291188,-6.42239697,5,5.0,2.2,0.8,0.0
465,3.66981443,0.39725053,-6.72957394,5,5.0,2.2,1.1,0.0
466,0.61018596,0.25720779,-7.12587744,5,5.0,2.3,0.0,0.0
467,0.65550666,0.99882721,-7.08714805,5,5.0,2.3,0.0,0.2
468,0.6594504,2.06872429,-7.25371568,5,5.0,2.3,0.0,0.5
469,0.65150146,3.03819295,-7.47280757,5,5.0,2.3,0.0,0.8
470,0.62250315,3.82250026,-7.64582451,5,5.0,2.3,0.0,1.1
471,1.28463557,0.32609708,-7.1353137,5,5.0,2.3,0.2,0.0
472,2.29804601,0.39061566,-7.40435413,5,5.0,2.3,0.5,0.0
473,3.13882012,0.43764359,-7.72967367,5,5.0,2.3,0.8,0.0
474,3.95225824,0.49189633,-8.09238923,5,5.0,2.3,1.1,0.0
475,0.69122322,0.32304934,-8.45503385,5,5.0,2.4,0.0,0.0
476,0.71168806,1.12102764,-8.43349729,5,5.0,2.4,0.0,0.2
477,0.71027769,2.27241982,-8.62190209,5,5.0,2.4,0.0,0.5
478,0.69742533,3.27422856,-8.80553471,5,5.0,2.4,0.0,0.8
479,0.65911031,4.10683889,-8.97041664,5,5.0,2.4,0.0,1.1
480,1.39885997,0.38203571,-8.41939885,5,5.0,2.4,0.2,0.0
481,2.47692496,0.45534942,-8.69108646,5,5.0,2.4,0.5,0.0
482,3.3715312,0.51012301,-8.99070999,5,5.0,2.4,0.8,0.0
483,4.1815116,0.55332911,-9.26289038,5,5.0,2.4,1.1,0.0
484,0.73430031,0.40976126,-9.86169797,5,5.0,2.5,0.0,0.0
485,0.75336071,1.25528424,-9.84140759,5,5.0,2.5,0.0,0.2
486,0.75013959,2.46189184,-10.00921285,5,5.0,2.5,0.0,0.5
487,0.72609194,3.51145877,-10.19035171,5,5.0,2.5,0.0,0.8
488,0.70007803,4.4164893,-10.36216562,5,5.0,2.5,0.0,1.1
489,1.49648502,0.47223085,-9.81655639,5,5.0,2.5,0.2,0.0
490,2.63716385,0.52524819,-9.96981698,5,5.0,2.5,0.5,0.0
491,3.5818167,0.5865629,-10.25856885,5,5.0,2.5,0.8,0.0
492,4.47883696,0.64190931,-10.6467895,5,5.0,2.5,1.1,0.0
493,0.01904111,-0.01027674,-0.00895483,5,10.0,0.0,0.0,0.0
494,0.10581482,-0.01711081,-1.17892171,5,10.0,1.7,0.0,0.0
495,0.11914698,0.39119795,-1.1355899,5,10.0,1.7,0.0,0.2
496,0.12940817,0.81958359,-1.09216233,5,10.0,1.7,0.0,0.5
497,0.09899321,0.85621547,-1.03541265,5,10.0,1.7,0.0,0.8
498,0.06731426,0.80357637,-0.9875637,5,10.0,1.7,0.0,1.1
499,0.5045017,-0.00573594,-1.23715148,5,10.0,1.7,0.2,0.0
500,1.00754102,0.00382063,-1.37339627,5,10.0,1.7,0.5,0.0
501,1.34609092,0.00187302,-1.45300428,5,10.0,1.7,0.8,0.0
502,1.40406074,-0.01872701,-1.51378027,5,10.0,1.7,1.1,0.0
503,0.17262912,-0.02782341,-1.74851915,5,10.0,1.8,0.0,0.0
504,0.20062046,0.43986219,-1.68468112,5,10.0,1.8,0.0,0.2
505,0.22298791,1.01187477,-1.61776235,5,10.0,1.8,0.0,0.5
506,0.22045222,1.30162919,-1.55934535,5,10.0,1.8,0.0,0.8
507,0.15784895,1.28781576,-1.5214072,5,10.0,1.8,0.0,1.1
508,0.60941965,-0.00441436,-1.81614097,5,10.0,1.8,0.2,0.0
509,1.2169489,0.01943321,-1.98671964,5,10.0,1.8,0.5,0.0
510,1.67982722,0.02577543,-2.10134603,5,10.0,1.8,0.8,0.0
511,2.04053751,0.02069721,-2.20057525,5,10.0,1.8,1.1,0.0
512,0.244959,-0.03305559,-2.48827435,5,10.0,1.9,0.0,0.0
513,0.28177449,0.49621999,-2.40327609,5,10.0,1.9,0.0,0.2
514,0.33415963,1.17511932,-2.32866568,5,10.0,1.9,0.0,0.5
515,0.31441936,1.63437458,-2.29387779,5,10.0,1.9,0.0,0.8
516,0.28421526,1.93834519,-2.28767032,5,10.0,1.9,0.0,1.1
517,0.73957792,-0.00510892,-2.5552111,5,10.0,1.9,0.2,0.0
518,1.43149178,0.03976344,-2.78730204,5,10.0,1.9,0.5,0.0
519,2.01915091,0.04995996,-2.93969375,5,10.0,1.9,0.8,0.0
520,2.55093847,0.04366599,-3.0677997,5,10.0,1.9,1.1,0.0
521,0.33489215,-0.03299325,-3.39025163,5,10.0,2.0,0.0,0.0
522,0.3871458,0.53982326,-3.29204927,5,10.0,2.0,0.0,0.2
523,0.41709196,1.34528289,-3.24945526,5,10.0,2.0,0.0,0.5
524,0.40293674,1.92806604,-3.22896588,5,10.0,2.0,0.0,0.8
525,0.37662664,2.40025125,-3.22281653,5,10.0,2.0,0.0,1.1
526,0.88118311,0.01041124,-3.46539276,5,10.0,2.0,0.2,0.0
527,1.6496079,0.03967853,-3.74125425,5,10.0,2.0,0.5,0.0
528,2.33100218,0.06737045,-3.97906722,5,10.0,2.0,0.8,0.0
529,2.99292682,0.07024761,-4.1308946,5,10.0,2.0,1.1,0.0
530,0.43754946,-0.03470605,-4.49028955,5,10.0,2.1,0.0,0.0
531,0.48681546,0.60208383,-4.38662023,5,10.0,2.1,0.0,0.2
532,0.49463409,1.53223653,-4.39368834,5,10.0,2.1,0.0,0.5
533,0.48083514,2.20999537,-4.38694927,5,10.0,2.1,0.0,0.8
534,0.45747616,2.77550756,-4.35144302,5,10.0,2.1,0.0,1.1
535,1.03685716,0.00956213,-4.54159945,5,10.0,2.1,0.2,0.0
536,1.90245405,0.05339071,-4.84921319,5,10.0,2.1,0.5,0.0
537,2.63238014,0.07539611,-5.19593929,5,10.0,2.1,0.8,0.0
538,3.40344735,0.09625372,-5.44894632,5,10.0,2.1,1.1,0.0
539,0.54420129,-0.03624157,-5.74226395,5,10.0,2.2,0.0,0.0
540,0.55533661,0.68709719,-5.66332504,5,10.0,2.2,0.0,0.2
541,0.55746133,1.72203811,-5.6785417,5,10.0,2.2,0.0,0.5
542,0.5482518,2.46703043,-5.67388293,5,10.0,2.2,0.0,0.8
543,0.51551446,3.09546395,-5.63707666,5,10.0,2.2,0.0,1.1
544,1.19248237,0.01819733,-5.75854295,5,10.0,2.2,0.2,0.0
545,2.13875018,0.06535499,-6.08384578,5,10.0,2.2,0.5,0.0
546,2.9345581,0.09268501,-6.43664052,5,10.0,2.2,0.8,0.0
547,3.72044571,0.10447994,-6.754882,5,10.0,2.2,1.1,0.0
548,0.60412421,-0.01678437,-7.12686583,5,10.0,2.3,0.0,0.0
549,0.61032158,0.77401494,-7.06191172,5,10.0,2.3,0.0,0.2
550,0.60602406,1.88065612,-7.04256105,5,10.0,2.3,0.0,0.5
551,0.59033569,2.70707828,-6.99609857,5,10.0,2.3,0.0,0.8
552,0.56139456,3.4010931,-6.98954435,5,10.0,2.3,0.0,1.1
553,1.30563701,0.03420571,-7.12328714,5,10.0,2.3,0.2,0.0
554,2.34514654,0.07439069,-7.40528445,5,10.0,2.3,0.5,0.0
555,3.18908318,0.10230894,-7.72166656,5,10.0,2.3,0.8,0.0
556,4.0265983,0.12674674,-8.18278364,5,10.0,2.3,1.1,0.0
557,0.65340612,0.01221102,-8.55705465,5,10.0,2.4,0.0,0.0
558,0.65836695,0.85661392,-8.44653422,5,10.0,2.4,0.0,0.2
559,0.64070908,2.01748215,-8.38193125,5,10.0,2.4,0.0,0.5
560,0.62968266,2.90355819,-8.33096559,5,10.0,2.4,0.0,0.8
561,0.59228977,3.64142443,-8.3104438,5,10.0,2.4,0.0,1.1
562,1.3977453,0.06891364,-8.52742237,5,10.0,2.4,0.2,0.0
563,2.53211146,0.08398133,-8.70899714,5,10.0,2.4,0.5,0.0
564,3.44051206,0.11459963,-9.06870539,5,10.0,2.4,0.8,0.0
565,4.29573245,0.13258923,-9.46700452,5,10.0,2.4,1.1,0.0
566,0.69622694,0.04684127,-10.00934426,5,10.0,2.5,0.0,0.0
567,0.69965354,0.92681007,-9.88399588,5,10.0,2.5,0.0,0.2
568,0.67740186,2.15203291,-9.77421335,5,10.0,2.5,0.0,0.5
569,0.65886069,3.08651872,-9.67929711,5,10.0,2.5,0.0,0.8
570,0.6257435,3.85421256,-9.67876663,5,10.0,2.5,0.0,1.1
571,1.47861786,0.09718599,-9.9850655,5,10.0,2.5,0.2,0.0
572,2.67528176,0.09455969,-10.11102393,5,10.0,2.5,0.5,0.0
573,3.66451436,0.12219261,-10.42164898,5,10.0,2.5,0.8,0.0
574,4.56770234,0.1436982,-10.8041266,5,10.0,2.5,1.1,0.0
575,0.00689612,-0.0059776,-0.00706405,5,15.0,0.0,0.0,0.0
576,0.03334932,-0.01941236,-0.44818375,5,15.0,1.7,0.0,0.0
577,0.03859106,0.22969398,-0.40124519,5,15.0,1.7,0.0,0.2
578,0.01352102,0.2294375,-0.34798092,5,15.0,1.7,0.0,0.5
579,0.00563204,0.18206806,-0.29623854,5,15.0,1.7,0.0,0.8
580,0.00194345,0.1553178,-0.25278462,5,15.0,1.7,0.0,1.1
581,0.3101242,-0.01368426,-0.48926839,5,15.0,1.7,0.2,0.0
582,0.44236739,-0.02339169,-0.53761734,5,15.0,1.7,0.5,0.0
583,0.4618448,-0.03767985,-0.57406763,5,15.0,1.7,0.8,0.0
584,0.47487283,-0.04992556,-0.61177539,5,15.0,1.7,1.1,0.0
585,0.06293802,-0.02988921,-0.79259117,5,15.0,1.8,0.0,0.0
586,0.07395145,0.30189414,-0.72511428,5,15.0,1.8,0.0,0.2
587,0.04875114,0.45173029,-0.64770725,5,15.0,1.8,0.0,0.5
588,0.01543095,0.39025538,-0.57172146,5,15.0,1.8,0.0,0.8
589,0.00030365,0.33434007,-0.50700518,5,15.0,1.8,0.0,1.1
590,0.40743783,-0.02472171,-0.83235554,5,15.0,1.8,0.2,0.0
591,0.76786946,-0.01906965,-0.92459862,5,15.0,1.8,0.5,0.0
592,0.80406761,-0.04074955,-0.96314012,5,15.0,1.8,0.8,0.0
593,0.81190709,-0.05906161,-1.01590642,5,15.0,1.8,1.1,0.0
594,0.11775156,-0.05357901,-1.30454433,5,15.0,1.9,0.0,0.0
595,0.13283014,0.33961976,-1.20801135,5,15.0,1.9,0.0,0.2
596,0.13479242,0.72814744,-1.09379847,5,15.0,1.9,0.0,0.5
597,0.08145144,0.70094139,-0.9840215,5,15.0,1.9,0.0,0.8
598,0.03550548,0.60281027,-0.88447543,5,15.0,1.9,0.0,1.1
599,0.521107,-0.04462653,-1.3593792,5,15.0,1.9,0.2,0.0
600,1.04353396,-0.03707108,-1.49850299,5,15.0,1.9,0.5,0.0
601,1.3567134,-0.04457045,-1.58760367,5,15.0,1.9,0.8,0.0
602,1.38458204,-0.0658955,-1.63032602,5,15.0,1.9,1.1,0.0
603,0.19225426,-0.09130213,-1.96290763,5,15.0,2.0,0.0,0.0
604,0.22088725,0.35741155,-1.82281226,5,15.0,2.0,0.0,0.2
605,0.23489847,0.89766859,-1.67960161,5,15.0,2.0,0.0,0.5
606,0.19231211,1.14538511,-1.55210185,5,15.0,2.0,0.0,0.8
607,0.09986608,1.02668663,-1.42582915,5,15.0,2.0,0.0,1.1
608,0.65176715,-0.07407557,-2.02920055,5,15.0,2.0,0.2,0.0
609,1.26711871,-0.05073069,-2.22311964,5,15.0,2.0,0.5,0.0
610,1.75541489,-0.04266079,-2.35161897,5,15.0,2.0,0.8,0.0
611,2.1037016,-0.05307295,-2.44627515,5,15.0,2.0,1.1,0.0
612,0.28223936,-0.13757463,-2.78729883,5,15.0,2.1,0.0,0.0
613,0.31810746,0.36696275,-2.60944914,5,15.0,2.1,0.0,0.2
614,0.31874558,1.00817261,-2.45017265,5,15.0,2.1,0.0,0.5
615,0.27899082,1.46820639,-2.34250589,5,15.0,2.1,0.0,0.8
616,0.21590292,1.64855919,-2.18451751,5,15.0,2.1,0.0,1.1
617,0.79726783,-0.10368881,-2.85604587,5,15.0,2.1,0.2,0.0
618,1.49805186,-0.07359308,-3.10932535,5,15.0,2.1,0.5,0.0
619,2.09456735,-0.06134614,-3.28725545,5,15.0,2.1,0.8,0.0
620,2.63478756,-0.05801585,-3.41457194,5,15.0,2.1,1.1,0.0
621,0.38437657,-0.17146286,-3.7417864,5,15.0,2.2,0.0,0.0
622,0.40709466,0.37710485,-3.58000705,5,15.0,2.2,0.0,0.2
623,0.38894646,1.11759618,-3.4250787,5,15.0,2.2,0.0,0.5
624,0.35966792,1.67230584,-3.27348917,5,15.0,2.2,0.0,0.8
625,0.32082794,2.09327162,-3.1003278,5,15.0,2.2,0.0,1.1
626,0.94880029,-0.14448729,-3.80578688,5,15.0,2.2,0.2,0.0
627,1.73864727,-0.11370511,-4.13531241,5,15.0,2.2,0.5,0.0
628,2.40804817,-0.10002155,-4.37990409,5,15.0,2.2,0.8,0.0
629,3.07351482,-0.08973309,-4.54054061,5,15.0,2.2,1.1,0.0
630,0.46303875,-0.21444854,-4.84982405,5,15.0,2.3,0.0,0.0
631,0.46404821,0.393141,-4.69275869,5,15.0,2.3,0.0,0.2
632,0.44134516,1.21651881,-4.54106437,5,15.0,2.3,0.0,0.5
633,0.41733058,1.83197839,-4.36498732,5,15.0,2.3,0.0,0.8
634,0.39348374,2.3699336,-4.09910086,5,15.0,2.3,0.0,1.1
635,1.09534354,-0.18333015,-4.86936526,5,15.0,2.3,0.2,0.0
636,1.95870401,-0.15544681,-5.20739558,5,15.0,2.3,0.5,0.0
637,2.67804529,-0.15149581,-5.53136443,5,15.0,2.3,0.8,0.0
638,3.40114944,-0.14939826,-5.72552575,5,15.0,2.3,1.1,0.0
639,0.51055791,-0.24353101,-6.08244095,5,15.0,2.4,0.0,0.0
640,0.50459811,0.41161219,-5.8810212,5,15.0,2.4,0.0,0.2
641,0.47598061,1.28459778,-5.69762325,5,15.0,2.4,0.0,0.5
642,0.44439853,1.95624707,-5.44744567,5,15.0,2.4,0.0,0.8
643,0.43641912,2.56012604,-5.15278918,5,15.0,2.4,0.0,1.1
644,1.18998042,-0.22397457,-6.06559814,5,15.0,2.4,0.2,0.0
645,2.15247385,-0.20817859,-6.31660361,5,15.0,2.4,0.5,0.0
646,2.92604222,-0.2020873,-6.67280335,5,15.0,2.4,0.8,0.0
647,3.70767312,-0.20479797,-6.99042168,5,15.0,2.4,1.1,0.0
648,0.54829001,-0.28468653,-7.33216425,5,15.0,2.5,0.0,0.0
649,0.54089606,0.41553009,-7.10700588,5,15.0,2.5,0.0,0.2
650,0.50896495,1.33501924,-6.8225809,5,15.0,2.5,0.0,0.5
651,0.47310472,2.05626414,-6.57001924,5,15.0,2.5,0.0,0.8
652,0.46018376,2.71188754,-6.22160239,5,15.0,2.5,0.0,1.1
653,1.27218137,-0.2638398,-7.32823423,5,15.0,2.5,0.2,0.0
654,2.33072018,-0.26259336,-7.45250786,5,15.0,2.5,0.5,0.0
655,3.15667038,-0.25097021,-7.78334765,5,15.0,2.5,0.8,0.0
656,3.95386448,-0.27021168,-8.17130674,5,15.0,2.5,1.1,0.0
657,-0.00142031,6.088e-05,-0.00587892,10,0.0,0.0,0.0,0.0
658,0.01024026,0.07446696,-0.92296336,10,0.0,1.7,0.0,0.0
659,0.01764909,0.37774274,-0.97082969,10,0.0,1.7,0.0,0.2
660,0.03411724,0.77283035,-1.10683155,10,0.0,1.7,0.0,0.5
661,0.0314056,1.06004612,-1.24472693,10,0.0,1.7,0.0,0.8
662,0.01261762,1.1227885,-1.32815805,10,0.0,1.7,0.0,1.1
663,0.30176421,0.08140979,-0.89297495,10,0.0,1.7,0.2,0.0
664,0.62922371,0.07857551,-0.90233004,10,0.0,1.7,0.5,0.0
665,0.69028676,0.05553784,-0.89930965,10,0.0,1.7,0.8,0.0
666,0.67367951,0.03522659,-0.89623793,10,0.0,1.7,1.1,0.0
667,0.02194576,0.11077875,-1.29289858,10,0.0,1.8,0.0,0.0
668,0.03368027,0.4410411,-1.35622502,10,0.0,1.8,0.0,0.2
669,0.05299006,0.93703276,-1.53252752,10,0.0,1.8,0.0,0.5
670,0.07511748,1.38162347,-1.74686305,10,0.0,1.8,0.0,0.8
671,0.09663384,1.68664749,-1.92665991,10,0.0,1.8,0.0,1.1
672,0.32813163,0.11849864,-1.26827628,10,0.0,1.8,0.2,0.0
673,0.74967402,0.12036554,-1.26693201,10,0.0,1.8,0.5,0.0
674,0.99902142,0.10572587,-1.26125343,10,0.0,1.8,0.8,0.0
675,0.97787509,0.07946379,-1.25820442,10,0.0,1.8,1.1,0.0
676,0.04019138,0.16399279,-1.84527821,10,0.0,1.9,0.0,0.0
677,0.05425512,0.53709156,-1.91577133,10,0.0,1.9,0.0,0.2
678,0.07679694,1.11339889,-2.138791,10,0.0,1.9,0.0,0.5
679,0.11651513,1.66654587,-2.41314282,10,0.0,1.9,0.0,0.8
680,0.15443955,2.11656,-2.6663773,10,0.0,1.9,0.0,1.1
681,0.37528645,0.17513607,-1.80670089,10,0.0,1.9,0.2,0.0
682,0.86637257,0.17626284,-1.81246745,10,0.0,1.9,0.5,0.0
683,1.22545146,0.16838179,-1.78877273,10,0.0,1.9,0.8,0.0
684,1.42482019,0.15049331,-1.77003448,10,0.0,1.9,1.1,0.0
685,0.05992374,0.23281777,-2.53561952,10,0.0,2.0,0.0,0.0
686,0.07498976,0.65157694,-2.62225315,10,0.0,2.0,0.0,0.2
687,0.10872647,1.28993812,-2.87684868,10,0.0,2.0,0.0,0.5
688,0.15273538,1.92598555,-3.2074456,10,0.0,2.0,0.0,0.8
689,0.20320923,2.47047255,-3.53722671,10,0.0,2.0,0.0,1.1
690,0.41533662,0.24984533,-2.48382791,10,0.0,2.0,0.2,0.0
691,0.9653976,0.25722509,-2.47723304,10,0.0,2.0,0.5,0.0
692,1.41349548,0.24772138,-2.46173894,10,0.0,2.0,0.8,0.0
693,1.72313874,0.22916023,-2.40008819,10,0.0,2.0,1.1,0.0
694,0.08051716,0.32648167,-3.3667911,10,0.0,2.1,0.0,0.0
695,0.10533947,0.77102129,-3.45455203,10,0.0,2.1,0.0,0.2
696,0.14216711,1.47882494,-3.76500084,10,0.0,2.1,0.0,0.5
697,0.19028271,2.19417861,-4.14782639,10,0.0,2.1,0.0,0.8
698,0.23928321,2.8211517,-4.50935705,10,0.0,2.1,0.0,1.1
699,0.45923138,0.33769032,-3.30402537,10,0.0,2.1,0.2,0.0
700,1.05790851,0.35108769,-3.29529015,10,0.0,2.1,0.5,0.0
701,1.56397132,0.34733683,-3.25244444,10,0.0,2.1,0.8,0.0
702,1.98063714,0.3280108,-3.18565957,10,0.0,2.1,1.1,0.0
703,0.09971954,0.42758835,-4.30586898,10,0.0,2.2,0.0,0.0
704,0.12621371,0.90231225,-4.42076854,10,0.0,2.2,0.0,0.2
705,0.17026196,1.66738254,-4.77458975,10,0.0,2.2,0.0,0.5
706,0.2141192,2.44766427,-5.17687027,10,0.0,2.2,0.0,0.8
707,0.24812361,3.16835855,-5.60410195,10,0.0,2.2,0.0,1.1
708,0.50000672,0.44466939,-4.2190886,10,0.0,2.2,0.2,0.0
709,1.14252574,0.46185331,-4.20613412,10,0.0,2.2,0.5,0.0
710,1.69270094,0.4544224,-4.17255203,10,0.0,2.2,0.8,0.0
711,2.19208337,0.4331513,-4.09575572,10,0.0,2.2,1.1,0.0
712,0.11607794,0.54944327,-5.32853182,10,0.0,2.3,0.0,0.0
713,0.14691762,1.04798574,-5.45380328,10,0.0,2.3,0.0,0.2
714,0.19668579,1.86181487,-5.83847196,10,0.0,2.3,0.0,0.5
715,0.24289063,2.70880816,-6.30861793,10,0.0,2.3,0.0,0.8
716,0.25306288,3.49685519,-6.77285139,10,0.0,2.3,0.0,1.1
717,0.53825085,0.56082371,-5.2193898,10,0.0,2.3,0.2,0.0
718,1.21814256,0.58046681,-5.20792658,10,0.0,2.3,0.5,0.0
719,1.80277152,0.58362045,-5.17021099,10,0.0,2.3,0.8,0.0
720,2.35552124,0.55001067,-5.08286013,10,0.0,2.3,1.1,0.0
721,0.13265726,0.6618968,-6.38721995,10,0.0,2.4,0.0,0.0
722,0.16655613,1.18687237,-6.5143219,10,0.0,2.4,0.0,0.2
723,0.21857456,2.05645549,-6.94900263,10,0.0,2.4,0.0,0.5
724,0.25412937,2.97035862,-7.4536946,10,0.0,2.4,0.0,0.8
725,0.23533603,3.77341742,-7.8049342,10,0.0,2.4,0.0,1.1
726,0.57239636,0.68479783,-6.25186281,10,0.0,2.4,0.2,0.0
727,1.28362566,0.70533669,-6.21805748,10,0.0,2.4,0.5,0.0
728,1.89140077,0.71887,-6.18120463,10,0.0,2.4,0.8,0.0
729,2.47503296,0.70045972,-6.06352924,10,0.0,2.4,1.1,0.0
730,0.14926942,0.79378799,-7.42700462,10,0.0,2.5,0.0,0.0
731,0.18250754,1.33962945,-7.54430711,10,0.0,2.5,0.0,0.2
732,0.23578091,2.25735869,-8.01641136,10,0.0,2.5,0.0,0.5
733,0.24504816,3.2013745,-8.51951179,10,0.0,2.5,0.0,0.8
734,0.22976344,4.06837179,-9.00983163,10,0.0,2.5,0.0,1.1
735,0.61006793,0.81344879,-7.30010205,10,0.0,2.5,0.2,0.0
736,1.35559302,0.84169697,-7.24343296,10,0.0,2.5,0.5,0.0
737,1.98478783,0.8609563,-7.20702416,10,0.0,2.5,0.8,0.0
738,2.58597385,0.84087872,-7.10496559,10,0.0,2.5,1.1,0.0
739,-8.693e-05,0.00038975,-0.0129261,10,5.0,0.0,0.0,0.0
740,0.03347015,0.03221154,-1.56324282,10,5.0,1.7,0.0,0.0
741,0.04807186,0.46246233,-1.54760654,10,5.0,1.7,0.0,0.2
742,0.05639104,0.97252948,-1.57329378,10,5.0,1.7,0.0,0.5
743,0.05659547,1.28477535,-1.61551223,10,5.0,1.7,0.0,0.8
744,0.03118421,1.32142519,-1.63081995,10,5.0,1.7,0.0,1.1
745,0.38713856,0.05164819,-1.54316045,10,5.0,1.7,0.2,0.0
746,0.89869765,0.05633894,-1.56153634,10,5.0,1.7,0.5,0.0
747,1.17629232,0.03878795,-1.54879383,10,5.0,1.7,0.8,0.0
748,1.16798426,0.00973305,-1.5305245,10,5.0,1.7,1.1,0.0
749,0.05990029,0.05410911,-2.17110513,10,5.0,1.8,0.0,0.0
750,0.08277675,0.52716219,-2.14880588,10,5.0,1.8,0.0,0.2
751,0.1020908,1.14685866,-2.19217892,10,5.0,1.8,0.0,0.5
752,0.12647419,1.61028675,-2.24351363,10,5.0,1.8,0.0,0.8
753,0.13465631,1.89933519,-2.3017446,10,5.0,1.8,0.0,1.1
754,0.43609169,0.07851119,-2.14094102,10,5.0,1.8,0.2,0.0
755,1.01555444,0.08898812,-2.1420237,10,5.0,1.8,0.5,0.0
756,1.45150303,0.07639376,-2.1215676,10,5.0,1.8,0.8,0.0
757,1.63796565,0.04669323,-2.08603965,10,5.0,1.8,1.1,0.0
758,0.09238346,0.07895983,-3.00058894,10,5.0,1.9,0.0,0.0
759,0.11655719,0.61509646,-2.98085821,10,5.0,1.9,0.0,0.2
760,0.15181178,1.32359577,-3.01887479,10,5.0,1.9,0.0,0.5
761,0.19469409,1.90033114,-3.11126658,10,5.0,1.9,0.0,0.8
762,0.18172411,2.34844083,-3.2036873,10,5.0,1.9,0.0,1.1
763,0.49579646,0.10988519,-2.95400733,10,5.0,1.9,0.2,0.0
764,1.12546191,0.12550923,-2.9592266,10,5.0,1.9,0.5,0.0
765,1.66315272,0.12182051,-2.92161915,10,5.0,1.9,0.8,0.0
766,2.05416828,0.09506357,-2.84664397,10,5.0,1.9,1.1,0.0
767,0.11696152,0.11864887,-4.00116807,10,5.0,2.0,0.0,0.0
768,0.15136502,0.69620606,-3.96616485,10,5.0,2.0,0.0,0.2
769,0.19570067,1.50838029,-4.03614707,10,5.0,2.0,0.0,0.5
770,0.23022282,2.19576211,-4.1653849,10,5.0,2.0,0.0,0.8
771,0.20203881,2.78703533,-4.28896284,10,5.0,2.0,0.0,1.1
772,0.55724693,0.15164795,-3.94336382,10,5.0,2.0,0.2,0.0
773,1.2416885,0.17509192,-3.95417038,10,5.0,2.0,0.5,0.0
774,1.82283587,0.16945875,-3.89704103,10,5.0,2.0,0.8,0.0
775,2.3709071,0.14999982,-3.80742568,10,5.0,2.0,1.1,0.0
776,0.15697563,0.16503179,-5.17617675,10,5.0,2.1,0.0,0.0
777,0.19936775,0.78735244,-5.13821955,10,5.0,2.1,0.0,0.2
778,0.24545131,1.68344407,-5.22764213,10,5.0,2.1,0.0,0.5
779,0.24685606,2.49083497,-5.37515461,10,5.0,2.1,0.0,0.8
780,0.21102011,3.14066863,-5.4995492,10,5.0,2.1,0.0,1.1
781,0.63835798,0.19977807,-5.09064935,10,5.0,2.1,0.2,0.0
782,1.37873571,0.22092629,-5.12894735,10,5.0,2.1,0.5,0.0
783,2.00851264,0.2326682,-5.08679185,10,5.0,2.1,0.8,0.0
784,2.60198634,0.20724968,-4.96619822,10,5.0,2.1,1.1,0.0
785,0.19062737,0.21366147,-6.50310885,10,5.0,2.2,0.0,0.0
786,0.23428364,0.88388052,-6.45400292,10,5.0,2.2,0.0,0.2
787,0.27930204,1.86174687,-6.52783065,10,5.0,2.2,0.0,0.5
788,0.23822118,2.76039785,-6.69637159,10,5.0,2.2,0.0,0.8
789,0.19764041,3.50604789,-6.84902739,10,5.0,2.2,0.0,1.1
790,0.69903609,0.25275219,-6.37782327,10,5.0,2.2,0.2,0.0
791,1.50874884,0.27965755,-6.39287692,10,5.0,2.2,0.5,0.0
792,2.17336524,0.29854629,-6.40169173,10,5.0,2.2,0.8,0.0
793,2.8111599,0.27559974,-6.24225037,10,5.0,2.2,1.1,0.0
794,0.22236453,0.27142098,-7.96206103,10,5.0,2.3,0.0,0.0
795,0.27223791,0.98869164,-7.88233988,10,5.0,2.3,0.0,0.2
796,0.27617821,2.05039975,-7.97326712,10,5.0,2.3,0.0,0.5
797,0.22896549,3.02885049,-8.12285619,10,5.0,2.3,0.0,0.8
798,0.16052764,3.77307502,-8.16938542,10,5.0,2.3,0.0,1.1
799,0.7388206,0.31122171,-7.76571291,10,5.0,2.3,0.2,0.0
800,1.60190046,0.34141339,-7.73830903,10,5.0,2.3,0.5,0.0
801,2.30784246,0.36640769,-7.75814043,10,5.0,2.3,0.8,0.0
802,2.99537942,0.35253988,-7.63199746,10,5.0,2.3,1.1,0.0
803,0.21925706,0.32674683,-9.32687427,10,5.0,2.4,0.0,0.0
804,0.26584771,1.0732748,-9.24134933,10,5.0,2.4,0.0,0.2
805,0.23991406,2.21808253,-9.35027784,10,5.0,2.4,0.0,0.5
806,0.18592921,3.24058062,-9.47517637,10,5.0,2.4,0.0,0.8
807,0.13326112,4.11371137,-9.61611359,10,5.0,2.4,0.0,1.1
808,0.76743615,0.36614163,-9.13763465,10,5.0,2.4,0.2,0.0
809,1.67655359,0.4021543,-9.10045702,10,5.0,2.4,0.5,0.0
810,2.41459687,0.42919219,-9.09532937,10,5.0,2.4,0.8,0.0
811,3.13332504,0.42279901,-8.99417692,10,5.0,2.4,1.1,0.0
812,0.21231284,0.38282256,-10.75399357,10,5.0,2.5,0.0,0.0
813,0.23127062,1.17873572,-10.68228973,10,5.0,2.5,0.0,0.2
814,0.19709662,2.36690341,-10.76350245,10,5.0,2.5,0.0,0.5
815,0.14498603,3.47275316,-10.9264804,10,5.0,2.5,0.0,0.8
816,0.08022478,4.32263008,-10.97337209,10,5.0,2.5,0.0,1.1
817,0.78541998,0.43034321,-10.52922425,10,5.0,2.5,0.2,0.0
818,1.73524133,0.46343319,-10.4436806,10,5.0,2.5,0.5,0.0
819,2.5122979,0.48612037,-10.41975472,10,5.0,2.5,0.8,0.0
820,3.24406186,0.50686859,-10.40072659,10,5.0,2.5,1.1,0.0
821,0.0131917,-0.00230473,-0.01701653,10,10.0,0.0,0.0,0.0
822,0.04706411,-0.01363001,-1.43772699,10,10.0,1.7,0.0,0.0
823,0.06699814,0.42512308,-1.40066212,10,10.0,1.7,0.0,0.2
824,0.0814186,0.87421164,-1.35981313,10,10.0,1.7,0.0,0.5
825,0.05589076,0.9382668,-1.28317109,10,10.0,1.7,0.0,0.8
826,0.02751746,0.88449951,-1.22201357,10,10.0,1.7,0.0,1.1
827,0.38697586,0.00652226,-1.42079439,10,10.0,1.7,0.2,0.0
828,0.85435937,0.01672957,-1.44159275,10,10.0,1.7,0.5,0.0
829,1.11067295,0.00358585,-1.43483898,10,10.0,1.7,0.8,0.0
830,1.02833131,-0.02481983,-1.39911118,10,10.0,1.7,1.1,0.0
831,0.07448326,-0.01260036,-2.02113532,10,10.0,1.8,0.0,0.0
832,0.0986545,0.46379547,-1.96374785,10,10.0,1.8,0.0,0.2
833,0.1255004,1.04601629,-1.91106731,10,10.0,1.8,0.0,0.5
834,0.13404086,1.34510404,-1.83686566,10,10.0,1.8,0.0,0.8
835,0.0960016,1.34053913,-1.77192111,10,10.0,1.8,0.0,1.1
836,0.44288226,0.01362949,-1.99133702,10,10.0,1.8,0.2,0.0
837,0.99434733,0.02233975,-2.0070322,10,10.0,1.8,0.5,0.0
838,1.38610782,0.02488501,-1.99025007,10,10.0,1.8,0.8,0.0
839,1.48318262,-0.00184009,-1.95893035,10,10.0,1.8,1.1,0.0
840,0.10474284,-0.02202348,-2.80639695,10,10.0,1.9,0.0,0.0
841,0.13352675,0.52023476,-2.73153501,10,10.0,1.9,0.0,0.2
842,0.17931879,1.20576309,-2.65454045,10,10.0,1.9,0.0,0.5
843,0.20274846,1.64429082,-2.58550849,10,10.0,1.9,0.0,0.8
844,0.17028365,1.92001484,-2.5489469,10,10.0,1.9,0.0,1.1
845,0.50952346,0.00587269,-2.76401389,10,10.0,1.9,0.2,0.0
846,1.11611829,0.0349829,-2.77272431,10,10.0,1.9,0.5,0.0
847,1.61455099,0.05095983,-2.7441685,10,10.0,1.9,0.8,0.0
848,1.96316051,0.0311058,-2.68153711,10,10.0,1.9,1.1,0.0
849,0.14125937,-0.01883494,-3.78961162,10,10.0,2.0,0.0,0.0
850,0.18302532,0.57399544,-3.69645147,10,10.0,2.0,0.0,0.2
851,0.2362861,1.35508163,-3.61269553,10,10.0,2.0,0.0,0.5
852,0.22483446,1.91349877,-3.54871686,10,10.0,2.0,0.0,0.8
853,0.19961031,2.3512759,-3.50352837,10,10.0,2.0,0.0,1.1
854,0.57608474,0.01454254,-3.72406195,10,10.0,2.0,0.2,0.0
855,1.2483389,0.04296199,-3.74259623,10,10.0,2.0,0.5,0.0
856,1.80739533,0.05732976,-3.70567567,10,10.0,2.0,0.8,0.0
857,2.29238792,0.05509129,-3.60848121,10,10.0,2.0,1.1,0.0
858,0.16966786,-0.02281214,-4.93884479,10,10.0,2.1,0.0,0.0
859,0.22119377,0.61692891,-4.82629731,10,10.0,2.1,0.0,0.2
860,0.25133345,1.52051554,-4.75169662,10,10.0,2.1,0.0,0.5
861,0.23233387,2.17363707,-4.69211525,10,10.0,2.1,0.0,0.8
862,0.1991644,2.70065419,-4.57953098,10,10.0,2.1,0.0,1.1
863,0.64178324,0.01871911,-4.84746626,10,10.0,2.1,0.2,0.0
864,1.37189262,0.04578784,-4.88618772,10,10.0,2.1,0.5,0.0
865,1.98480526,0.06857805,-4.84059681,10,10.0,2.1,0.8,0.0
866,2.54999083,0.07327381,-4.72340396,10,10.0,2.1,1.1,0.0
867,0.20517274,-0.03164181,-6.23749774,10,10.0,2.2,0.0,0.0
868,0.24830506,0.66780856,-6.11412499,10,10.0,2.2,0.0,0.2
869,0.2420404,1.6766691,-6.05737728,10,10.0,2.2,0.0,0.5
870,0.21567717,2.41659062,-5.95800553,10,10.0,2.2,0.0,0.8
871,0.17804186,3.01582379,-5.81149298,10,10.0,2.2,0.0,1.1
872,0.70263616,0.01436895,-6.1074469,10,10.0,2.2,0.2,0.0
873,1.49300076,0.04361684,-6.14723088,10,10.0,2.2,0.5,0.0
874,2.14890814,0.06380502,-6.12811713,10,10.0,2.2,0.8,0.0
875,2.75931021,0.07505219,-5.98956658,10,10.0,2.2,1.1,0.0
876,0.22484951,-0.04916028,-7.63496253,10,10.0,2.3,0.0,0.0
877,0.23561905,0.71584596,-7.5033818,10,10.0,2.3,0.0,0.2
878,0.21477514,1.79209169,-7.36699046,10,10.0,2.3,0.0,0.5
879,0.18335737,2.60335555,-7.27393862,10,10.0,2.3,0.0,0.8
880,0.15002637,3.27979177,-7.16877147,10,10.0,2.3,0.0,1.1
881,0.74859362,1.161e-05,-7.4670391,10,10.0,2.3,0.2,0.0
882,1.58823252,0.02810901,-7.45935723,10,10.0,2.3,0.5,0.0
883,2.28363664,0.0577618,-7.49141055,10,10.0,2.3,0.8,0.0
884,2.95052822,0.08417181,-7.37406523,10,10.0,2.3,1.1,0.0
885,0.19593873,-0.05877359,-9.08958332,10,10.0,2.4,0.0,0.0
886,0.18890146,0.75655623,-8.8941085,10,10.0,2.4,0.0,0.2
887,0.16412981,1.91232459,-8.77509043,10,10.0,2.4,0.0,0.5
888,0.14063897,2.79645326,-8.67033599,10,10.0,2.4,0.0,0.8
889,0.09967334,3.52047506,-8.58358488,10,10.0,2.4,0.0,1.1
890,0.76282896,-0.00752738,-8.84781536,10,10.0,2.4,0.2,0.0
891,1.66619687,0.02015727,-8.78445031,10,10.0,2.4,0.5,0.0
892,2.40559851,0.05019419,-8.82659015,10,10.0,2.4,0.8,0.0
893,3.08717718,0.06239609,-8.7543327,10,10.0,2.4,1.1,0.0
894,0.15402412,-0.05176896,-10.52887711,10,10.0,2.5,0.0,0.0
895,0.14780564,0.8094442,-10.3660989,10,10.0,2.5,0.0,0.2
896,0.12194302,2.02725275,-10.22577819,10,10.0,2.5,0.0,0.5
897,0.09464936,2.97974675,-10.1051373,10,10.0,2.5,0.0,0.8
898,0.06140386,3.75650137,-10.05152815,10,10.0,2.5,0.0,1.1
899,0.75951842,0.00805811,-10.28604202,10,10.0,2.5,0.2,0.0
900,1.74487488,0.01746855,-10.18487747,10,10.0,2.5,0.5,0.0
901,2.52131218,0.03460122,-10.15732119,10,10.0,2.5,0.8,0.0
902,3.22977321,0.0590596,-10.1970046,10,10.0,2.5,1.1,0.0
903,0.00921171,-0.00399091,-0.01161997,10,15.0,0.0,0.0,0.0
904,0.02151659,-0.01635007,-0.52596055,10,15.0,1.7,0.0,0.0
905,0.02423506,0.24335549,-0.48936129,10,15.0,1.7,0.0,0.2
906,0.0060463,0.25765515,-0.43098228,10,15.0,1.7,0.0,0.5
907,-0.00202288,0.22111327,-0.37624707,10,15.0,1.7,0.0,0.8
908,-0.00380278,0.18307586,-0.32684591,10,15.0,1.7,0.0,1.1
909,0.26049064,-0.01230811,-0.52314671,10,15.0,1.7,0.2,0.0
910,0.36404206,-0.02479327,-0.52764108,10,15.0,1.7,0.5,0.0
911,0.34343395,-0.03744827,-0.50891555,10,15.0,1.7,0.8,0.0
912,0.32573826,-0.04365825,-0.4908825,10,15.0,1.7,1.1,0.0
913,0.03233708,-0.03193119,-0.88378119,10,15.0,1.8,0.0,0.0
914,0.04343262,0.30016444,-0.81741152,10,15.0,1.8,0.0,0.2
915,0.02784958,0.47872002,-0.74361292,10,15.0,1.8,0.0,0.5
916,0.00276034,0.42307744,-0.67191785,10,15.0,1.8,0.0,0.8
917,-0.0099389,0.36810677,-0.60841393,10,15.0,1.8,0.0,1.1
918,0.31643687,-0.0209262,-0.86698889,10,15.0,1.8,0.2,0.0
919,0.63495061,-0.02069226,-0.88625012,10,15.0,1.8,0.5,0.0
920,0.60476817,-0.04192333,-0.86394356,10,15.0,1.8,0.8,0.0
921,0.57700245,-0.05665902,-0.84578542,10,15.0,1.8,1.1,0.0
922,0.05244866,-0.05603711,-1.40191654,10,15.0,1.9,0.0,0.0
923,0.0734151,0.33728899,-1.30910685,10,15.0,1.9,0.0,0.2
924,0.08611948,0.72771568,-1.2033919,10,15.0,1.9,0.0,0.5
925,0.04468999,0.71292504,-1.10595709,10,15.0,1.9,0.0,0.8
926,0.01119379,0.63336724,-1.00394063,10,15.0,1.9,0.0,1.1
927,0.38104092,-0.03925399,-1.37691433,10,15.0,1.9,0.2,0.0
928,0.84389362,-0.02434741,-1.39605743,10,15.0,1.9,0.5,0.0
929,1.01562289,-0.04369674,-1.395989,10,15.0,1.9,0.8,0.0
930,0.94442326,-0.07103361,-1.35392891,10,15.0,1.9,1.1,0.0
931,0.08897912,-0.08782768,-2.1177817,10,15.0,2.0,0.0,0.0
932,0.11507599,0.36335187,-1.98564982,10,15.0,2.0,0.0,0.2
933,0.1361875,0.87306001,-1.83925639,10,15.0,2.0,0.0,0.5
934,0.13429872,1.13153849,-1.7037321,10,15.0,2.0,0.0,0.8
935,0.05996868,1.02518722,-1.56543535,10,15.0,2.0,0.0,1.1
936,0.45469083,-0.06909986,-2.07376148,10,15.0,2.0,0.2,0.0
937,0.99406338,-0.05259616,-2.08474276,10,15.0,2.0,0.5,0.0
938,1.38728886,-0.0404872,-2.0679678,10,15.0,2.0,0.8,0.0
939,1.44811001,-0.06525127,-2.03468362,10,15.0,2.0,1.1,0.0
940,0.12431016,-0.13199294,-2.99181406,10,15.0,2.1,0.0,0.0
941,0.15324581,0.37507574,-2.81624667,10,15.0,2.1,0.0,0.2
942,0.18515428,0.98117403,-2.63515063,10,15.0,2.1,0.0,0.5
943,0.17147459,1.40624367,-2.4871813,10,15.0,2.1,0.0,0.8
944,0.12657238,1.57956047,-2.30438894,10,15.0,2.1,0.0,1.1
945,0.53018276,-0.10294343,-2.92976617,10,15.0,2.1,0.2,0.0
946,1.13745354,-0.07331229,-2.93443654,10,15.0,2.1,0.5,0.0
947,1.62085638,-0.05689286,-2.89591649,10,15.0,2.1,0.8,0.0
948,1.98242232,-0.06226134,-2.83283765,10,15.0,2.1,1.1,0.0
949,0.1584308,-0.17110849,-4.04095103,10,15.0,2.2,0.0,0.0
950,0.20097836,0.36684046,-3.83191767,10,15.0,2.2,0.0,0.2
951,0.20277932,1.07513016,-3.62629097,10,15.0,2.2,0.0,0.5
952,0.1791124,1.60534806,-3.4433319,10,15.0,2.2,0.0,0.8
953,0.16601226,1.98136727,-3.22529995,10,15.0,2.2,0.0,1.1
954,0.59402179,-0.14131639,-3.94583112,10,15.0,2.2,0.2,0.0
955,1.26329237,-0.11338665,-3.95768152,10,15.0,2.2,0.5,0.0
956,1.81994896,-0.10027457,-3.91242521,10,15.0,2.2,0.8,0.0
957,2.28927966,-0.09119067,-3.79524069,10,15.0,2.2,1.1,0.0
958,0.19297865,-0.22819202,-5.17862072,10,15.0,2.3,0.0,0.0
959,0.21676617,0.35963584,-4.95184532,10,15.0,2.3,0.0,0.2
960,0.19773033,1.14828293,-4.73225929,10,15.0,2.3,0.0,0.5
961,0.17650971,1.75847967,-4.51129045,10,15.0,2.3,0.0,0.8
962,0.15911116,2.25209531,-4.2323277,10,15.0,2.3,0.0,1.1
963,0.65945763,-0.19344992,-5.05439497,10,15.0,2.3,0.2,0.0
964,1.3783353,-0.16074768,-5.08439931,10,15.0,2.3,0.5,0.0
965,1.97995341,-0.14149341,-5.02875575,10,15.0,2.3,0.8,0.0
966,2.52579142,-0.13250327,-4.8752399,10,15.0,2.3,1.1,0.0
967,0.20143303,-0.28942376,-6.42326959,10,15.0,2.4,0.0,0.0
968,0.19994936,0.34907394,-6.16854357,10,15.0,2.4,0.0,0.2
969,0.17299469,1.18203235,-5.89483297,10,15.0,2.4,0.0,0.5
970,0.15388753,1.85046292,-5.59389215,10,15.0,2.4,0.0,0.8
971,0.13690737,2.42829629,-5.25924721,10,15.0,2.4,0.0,1.1
972,0.72019966,-0.26077264,-6.23669881,10,15.0,2.4,0.2,0.0
973,1.47895804,-0.22785753,-6.25557839,10,15.0,2.4,0.5,0.0
974,2.10785137,-0.20960279,-6.17877207,10,15.0,2.4,0.8,0.0
975,2.70915171,-0.19199136,-6.01800086,10,15.0,2.4,1.1,0.0
976,0.18116758,-0.35165206,-7.64758985,10,15.0,2.5,0.0,0.0
977,0.17759084,0.32805024,-7.3788174,10,15.0,2.5,0.0,0.2
978,0.14100921,1.20449542,-6.99342895,10,15.0,2.5,0.0,0.5
979,0.12810436,1.91372902,-6.7224154,10,15.0,2.5,0.0,0.8
980,0.12108108,2.53951469,-6.25446647,10,15.0,2.5,0.0,1.1
981,0.7270144,-0.33281033,-7.40996876,10,15.0,2.5,0.2,0.0
982,1.5687281,-0.30429421,-7.3935076,10,15.0,2.5,0.5,0.0
983,2.21736646,-0.28401621,-7.3737975,10,15.0,2.5,0.8,0.0
984,2.85725417,-0.25442361,-7.2008499,10,15.0,2.5,1.1,0.0
